y_true,driver,yhat_gated,lower,upper
3.440188765525825,650.0515187581383,3.4129183825921823,2.8262989148150206,3.999537850369344
4.010347366333,772.0299530029309,4.0010688720094985,3.414449404232337,4.58768833978666
4.241264144579575,832.6333109537759,4.280679442303181,3.6949966739002056,4.866362210706156
4.149602890014658,805.8233286539709,4.153317601728859,3.567634833325884,4.739000370131834
3.752547264099117,715.7033589680991,3.7103572863290433,3.124674517926068,4.2960400547320186
3.0357889135678753,564.953992207845,2.9558940253300467,2.4608380362578983,3.450950014402195
1.9744832714398501,366.0217183430975,1.8718836394537566,1.3768276503816081,2.366939628525905
0.5182972205802767,95.490067323049,0.39387270945837316,0.09475467059050269,0.6929907483262436
1.1111583436528825,240.20510546366415,1.1384857610001382,0.8393677221322677,1.4376037998680087
2.535952786604575,479.9805170694992,2.4775809754831544,1.996098570357987,2.9590633806083217
3.4444471597671495,652.9026641845692,3.374851689416439,2.789168921013464,3.9605344578194144
4.009252806504566,778.4824676513667,3.9593978074839034,3.373715039080928,4.545080575886878
3.9778718551000085,836.7894999186192,4.230768612581536,3.6450858441785607,4.816451380984511
4.157058517138158,805.3307749430342,4.086052218523996,3.5003694501210205,4.671734986926971
3.7587083180745338,715.9291178385407,3.662623497560458,3.076940729157483,4.248306265963434
3.0369638601939,565.7771657307942,2.920621739075245,2.4391393339500778,3.4021041442004125
1.9868055780728666,364.7532424926767,1.8444155535876274,1.36293314846246,2.325897958712795
0.5279388961692638,93.30990537007625,0.3804336871807153,0.08131564831284482,0.6795517260485857
1.1344305550058718,235.61481920878,1.1011811216761989,0.8028132117791191,1.3995490315732786
2.556019504865008,468.68272908528667,2.3902920971603616,1.9088096920351942,2.871774502285529
3.4681777556737337,640.038935343425,3.276370026748365,2.6906872583453896,3.86205279515134
4.0263112783432,764.7554575602209,3.855781597699385,3.2700988292964097,4.441464366102361
4.243122339248667,821.9599660237617,4.124310108966075,3.5387289587020327,4.709891259230117
4.162458499272659,794.3771260579425,4.002006912689766,3.416425762425724,4.587588062953808
3.7666251460711333,704.3091583251941,3.5735050313974104,2.9879238811333684,4.159086181661452
3.0413944323857582,553.2124048868825,2.831561269504211,2.350078864379044,3.3130436746293785
1.992724994818375,357.5247395833333,1.7974502879672705,1.315967882842103,2.278932693092438
0.5316416968901917,90.72669331232657,0.36735272252338547,0.06898481262630574,0.6657206324204652
0.7780611018339849,175.25143686930252,0.8037910144920047,0.505423104594925,1.1021589243890846
1.0496833423773382,230.39212036132835,1.2012513772362856,0.9028834673392059,1.4996192871333653
2.1453721622625914,440.53667195637996,2.3001491191099017,1.8186667139847343,2.781631524235069
2.7315500974655254,533.660837809245,2.7697061096406808,2.2882237045155134,3.251188514765848
4.173427820205691,800.929509480795,3.9965537773932014,3.4109726271291594,4.582134927657243
3.8395722309748415,755.0253397623692,3.7898660369746353,3.2042848867105933,4.375447187238677
3.71200559536615,704.7958984374991,3.543671163383113,2.958090013119071,4.1292523136471555
2.7623888850212004,504.1844609578441,2.5797236654895954,2.098241260364428,3.061206070614763
2.017927745978042,360.0136566162117,1.7922465507798397,1.3107641456546724,2.273728955905007
0.5306277734537975,94.01445484161434,0.3775416953798879,0.07917378548280818,0.6759096052769676
0.8058444634079917,177.72113100687724,0.8229084836192048,0.524540573722125,1.1212763935162844
1.7120055854320542,355.62756601969585,1.8471451992861934,1.3705431310133223,2.3237472675590647
2.7894001205762335,528.7049357096358,2.78782554116728,2.311223472894409,3.264427609440151
3.4110834002494834,669.7178446451825,3.494185927829943,2.908604777565901,4.079767078093985
4.3376555442810085,838.7720108032199,4.288784059084594,3.703202908820552,4.874365209348635
4.1653722922007335,799.8590164184575,4.112697135245332,3.52711598498129,4.6982782855093745
3.0381276905536754,587.0916773478183,3.096179415974629,2.510598265710587,3.681760566238671
2.4017333785692916,474.16443125406914,2.508731391162441,2.03212932288957,2.9853334594353123
1.2942888736724991,269.4871966044117,1.400203223738228,1.1018353138411483,1.6985711336353078
0.5416222065687202,115.62764501571608,0.47669014367397267,0.17832223377689294,0.7750580535710524
1.1924666638175592,244.64748001098667,1.1528733917967375,0.8545054818996578,1.4512413016938173
2.6115166743596503,477.22009531657,2.484203203428748,2.007601135155877,2.960805271701619
3.5510944128036583,644.6952463785816,3.396449393236093,2.826747183591088,3.9661516028810984
4.101755698521941,767.6781921386718,3.997476537255044,3.4277743276100385,4.5671787469000495
4.330310543378192,827.2805328369133,4.279525012601176,3.7098228029561704,4.849227222246181
4.2714386781056835,805.7974853515616,4.177506279827805,3.6078040701827994,4.7472084894728095
3.863516747951508,723.4596252441407,3.771766760656074,3.202064551011069,4.341468970301079
3.118544419606533,569.4175694783524,2.9949284630855977,2.5183263948127266,3.471530531358469
2.0454639295737,374.6305541992183,1.927212636459843,1.4506105681869719,2.403814704732714
0.5613833311945235,105.16091521581033,0.4352462791547328,0.13687836925765307,0.7336141890518125
1.2240804930527933,255.29384231567334,1.18741731480991,0.8960953341180424,1.4787392955017777
2.61469995975495,486.96656290690083,2.4947023431258555,2.0181002748529844,2.9713044113987266
3.5183027585347415,652.4999796549458,3.354350022568319,2.7846478129233136,3.924052232213324
4.085536062717442,781.445251464845,3.932473548012719,3.362771338367714,4.502175757657724
4.336352626482658,844.1662750244142,4.201993241208821,3.6322910315638155,4.7716954508538265
4.226427872975683,814.0824228922525,4.070037736207784,3.5003355265627785,4.639739945852789
3.8212472796440085,722.7881876627599,3.639986452238854,3.0702842425938486,4.20968866188386
3.081669429938,563.2130610148091,2.8647483140200993,2.3881462457472282,3.3413503822929704
2.0213250021139753,368.65404764811166,1.8384163374797484,1.3618142692068773,2.3150184057526193
0.5557722405840945,105.12269814809083,0.42305820344276157,0.13173622275089392,0.7143801841346292
0.10903333872556716,42.6577866077424,0.1632577369689615,0.0,4.017888346322336
0.7645833268761583,170.65157318115433,0.7953479768468922,0.5040259961550245,1.08666995753876
1.4208943943182568,302.9373664855959,1.5893966983580339,1.2980747176661662,1.8807186790499015
2.9027360876401254,535.1037165323884,2.8174495019936745,2.3408474337208034,3.2940515702665456
3.9705388347307835,761.0817820231117,3.9018971636713187,3.3338996791804933,4.469894648162144
4.382386008898417,823.7539672851575,4.190809320175636,3.6228118356848107,4.758806804666461
4.245605488618208,812.0221405029283,4.1316737531545895,3.563676268663764,4.699671237645415
3.7702749967575,745.0580164591466,3.8124465905848406,3.2444491060940153,4.3804440750756655
2.040522297223419,420.20458221435666,2.2241989880965916,1.7516428116010823,2.696755164592101
1.3111472477515551,271.55945587158334,1.3992354954859705,1.1079135147941028,1.6905574761778381
0.23607777338475108,69.98485406239841,0.2883174250429835,0.0,0.5796394057348512
0.43450833360354335,107.50912539164226,0.5104815644492593,0.21915958375739164,0.801803545141127
0.7863250275452892,179.80631955464582,0.9686153072602045,0.6772933265683369,1.2599372879520723
0.8048861473798757,172.17034784952668,0.964432395412844,0.6731104147209763,1.2557543761047116
0.773922219872475,157.21098009745333,0.890061936654327,0.5987399559624593,1.1813839173461946
1.5307999998331159,331.20226796468086,1.8395758568670175,1.3670196803715082,2.312132033362527
1.627294411261875,361.35478973388666,1.9964848959606838,1.5239287194651745,2.469041072456193
1.6460332870483416,348.91630045572833,1.923177703093066,1.4506215265975566,2.395733879588575
2.9055610895156914,524.6539675394708,2.7828421033996746,2.3102859269041653,3.255398279895184
1.0206278413534091,225.8068949381508,1.1898760840479012,0.8991637311638315,1.480588436931971
0.3259444441646326,89.04273144404175,0.3706934987543446,0.07998114587027488,0.6614058516384143
1.2866888741652167,262.7623481750483,1.2217579408370145,0.9310455879529448,1.5124702937210843
2.6517250140508,501.3619562784817,2.5725955207439175,2.100039344248408,3.045151697239427
3.5862637360890663,684.0572408040358,3.5482776140586743,2.980280129567849,4.116275098549499
4.158166706562058,809.5031636555991,4.153818068997565,3.58582058450674,4.7218155534883905
4.385875542958575,866.6521352132149,4.416977840480886,3.8489803559900606,4.984975324971711
4.30326386292775,837.0220082600899,4.275551158308249,3.707553673817424,4.843548642799075
3.885013898213708,746.451919555665,3.8403191829968573,3.272321698506032,4.408316667487682
3.12688610951105,578.014386494955,3.0030912970943997,2.4350938126035744,3.571088781585225
2.0406055748462752,376.32899220784583,1.9160941587786748,1.4435379822831655,2.388650335274184
0.5800277559707631,108.48362636566183,0.4445279851622419,0.1538156322781722,0.7352403380463116
1.3114721899231334,295.99322255452586,1.3701194030811992,1.0794070501971293,1.660831755965269
2.6524332761764335,519.0230458577466,2.640515014784783,2.1679588382892736,3.113071191280292
3.5643555720647164,690.3393300374358,3.53398671778551,2.9674988490172955,4.100474586553725
4.124202827612566,815.9281005859375,4.1109494139451614,3.544461545176947,4.677437282713376
4.39343055089315,876.591384887695,4.388607231929978,3.822119363161763,4.955095100698193
4.281244397163383,841.6938222249358,4.2407706002149475,3.674282731446733,4.807258468983163
3.8936749895413665,747.8693135579416,3.8018680206662276,3.235380151898013,4.368355889434442
3.136949936548875,579.3469696044916,2.9824451155050107,2.415957246736796,3.5489329842732253
2.0560693939526753,378.8814214070642,1.9116648226618518,1.4391086461663425,2.3842209991573613
0.5930916815996164,110.42132806778,0.44885523795213894,0.15814288506806923,0.7395675908362087
1.3450055420398692,307.04132588704414,1.4069278924637083,1.1162155395796387,1.697640245347778
2.685299932956683,536.109049479165,2.6931314460912814,2.220575269595772,3.1656876225867907
3.3719027837117417,704.8181203206392,3.58228376597366,3.0157958972054453,4.148771634741875
4.161002854506166,826.6482289632158,4.1578726691451,3.591384800376885,4.724360537913315
4.217083215713517,882.6598256429024,4.412525660406191,3.846037791637976,4.979013529174406
4.302277644475292,849.0009409586601,4.257110462007698,3.690622593239483,4.823598330775912
3.8991388281186583,752.2695515950526,3.8067791481529873,3.24202175722229,4.371536539083685
3.1405832171440164,582.0876363118483,2.9839060948921126,2.4191487039614152,3.54866348582281
2.0489610930283835,379.58819834391335,1.90917742730785,1.4397607607736826,2.3785940938420174
0.5955944390346593,111.48488219579059,0.4514451652119827,0.16073281232791298,0.7421575180960525
0.10323333553969909,65.51539532343524,0.2541495726676515,0.0,0.5448619255517212
1.3696610778570193,306.9859161376958,1.409786362960991,1.1190740100769214,1.7004987158450606
2.6891778310139913,525.01606496175,2.6464871117550635,2.177070445220896,3.1159037782892307
3.5965111255645668,696.9932912190742,3.513123922034358,2.9483665311036606,4.077881312965055
4.164094289143875,820.2084096272774,4.084234679764994,3.5194772888342967,4.648992070695691
4.389100233713791,873.8350321451808,4.329985330625763,3.7652279396950656,4.89474272155646
4.2962722380956,842.1626536051417,4.183779761198071,3.619022370267374,4.748537152128769
3.885988990465792,747.77106221517,3.7475785636634855,3.182821172732788,4.312335954594182
3.1400388479232837,577.8642145792634,2.931026512928428,2.3662691219977305,3.495783903859125
2.0531945526599915,375.9862670898433,1.869959515944213,1.4005428494100458,2.3393761824783805
0.5673777703195813,108.71292225519743,0.4361061403646475,0.14801332790642546,0.7241989528228696
0.1153111094608905,66.7360758384064,0.2563842813083055,0.0,0.5444770937665275
1.4031111051638874,312.9989763895683,1.4334349273402127,1.1453421148819907,1.7215277397984348
2.746233344078075,530.7614212036142,2.712204857295135,2.242788190760968,3.1816215238293024
3.682361185550683,696.4571075439441,3.617255508434845,3.0524981175041477,4.182012899365542
4.263366659482325,818.5255635579433,4.204370704013755,3.6396133130830575,4.769128094944453
4.49542220433555,874.3579813639325,4.465937362338984,3.9095489728808595,5.0223257517971085
4.397533297538758,845.9134267171225,4.331953610081434,3.7755652206233092,4.888341999539558
3.9593556324640917,754.18817138672,3.896302932248612,3.3399145427904875,4.4526913217067365
3.1891444325447,585.2138417561858,3.0544015443791337,2.498013154921009,3.610789933837258
2.0816166500250417,383.96980539957667,1.9637853595970491,1.494368693062882,2.4332020261312164
0.6200222137073622,110.14275010426917,0.4542186234890006,0.16612581103077856,0.7423114359472227
0.11507777675675872,71.86049660046794,0.2787637075611334,0.0,0.5668565200193554
1.4230722089608516,329.2544453938808,1.5320824601761853,1.062665793642018,2.0014991267103523
2.74636671940485,550.7280095418291,2.840144949793728,2.370728283259561,3.3095616163278954
3.669594466686258,716.3353169759099,3.743152404414461,3.1867640149563363,4.299540793872586
4.230141639709466,837.381184895835,4.31861443400113,3.762226044543006,4.875002823459255
4.450380484263108,890.9516499837224,4.55521668925651,3.9988282997983857,5.09277270859782
4.340047200520833,861.7514088948583,4.414079248013747,3.857690858555623,4.970467637471872
3.9176473418871502,762.7378031412767,3.9312511265656753,3.374862737107551,4.487639516023799
3.155594448248525,589.55066426595,3.066634728974574,2.5102463395164496,3.6230231184326986
2.0568360686302083,385.9304707845058,1.965288225026948,1.4958715584927809,2.4347048915611156
0.6337055663267658,116.29196166992183,0.47602051714591537,0.18792770468769332,0.7641133296041374
0.3038583279897757,70.82791900634716,0.3374178235394022,0.04932501108118015,0.6255106359976242
1.0066860690712984,203.42403602600083,1.0938670158127222,0.8057742033545001,1.3819598282709442
1.1924416621526084,257.03035863240666,1.423317958618301,1.1352251461600789,1.711410771076523
2.44169999162355,490.4451611836783,2.661221157296297,2.19180449076213,3.1306378238304644
3.933016578356417,808.6919682820634,4.186279142971294,3.6316636600094863,4.740894625933102
4.09054162104925,818.5115865071599,4.220606143800969,3.6659906608391615,4.775221626762777
1.6518222192923249,341.50168800354186,1.8775573814032678,1.4081407148691005,2.346974047937435
2.7873833626508677,501.73862330118806,2.6675692469851233,2.2035705804173253,3.1315679135529213
1.6839305410782417,320.3752301534008,1.6580063380138539,1.194007671446056,2.122005004581652
0.3183055619398742,85.25709788004534,0.3530636819134449,0.06497086945522285,0.641156494371667
0.1407999965983132,81.4384218454356,0.315918724271847,0.029296010228178626,0.6025414383155153
1.4814360638459583,347.7526232401533,1.6060289536375967,1.1420302870697987,2.0700276202053947
2.7540749708811334,567.3255462646467,2.9052899175985263,2.4412912510307283,3.3692885841663243
3.6646973292032747,703.1142120361325,3.6623079132743426,3.1076924303125346,4.216923396236151
4.1952278216679915,819.0407816569017,4.211699435455775,3.657083952493967,4.766314918417583
3.770491758982358,782.8962020874034,4.067036115351365,3.512420632389557,4.621651598313173
3.7842916448911,708.2867889404283,3.719153495319542,3.1645380123577342,4.27376897828135
1.8435721695423126,371.7449798583984,2.03619263097884,1.572193964411042,2.500191297546638
0.9613555769125575,212.083011627195,1.1745617774442094,0.8879390634005411,1.4611844914878778
0.4363222022851308,109.65644836425759,0.5895516160170884,0.30292890197342004,0.8761743300607567
0.17262222633386615,52.06090180079133,0.21996710778740314,0.0,4.074597717140779
0.19299445549647165,43.08247534434,0.23773709809119722,0.0,4.068498371793189
0.3677888909975675,70.3912795384725,0.40518897995810516,0.11856626591443681,0.6918116940017736
0.4030055428544683,78.13681284586575,0.4539098832685674,0.16728716922489906,0.7405325973122358
0.6851777310172701,132.98144340515233,0.7706663051725539,0.4840435911288855,1.0572890192162223
0.6155444209774342,124.60442924499459,0.7242495251413799,0.4376268110977115,1.0108722391850482
1.2985222836335575,282.14813232421915,1.5986160676049468,1.3119933535612784,1.8852387816486151
1.4641166925430333,324.05272674560666,1.799738818292112,1.335740151724314,2.26373748485991
0.7152222295602133,168.96165275573526,0.913248515711805,0.6251557032535829,1.201341328170027
0.27810554268459525,80.588514645894,0.34246252749744355,0.0543697150392215,0.6305553399556656
0.15917222326000524,134.33997388680737,0.5211362426642124,0.2345135286205441,0.8077589567078808
1.5216444432735592,358.3974876403817,1.671005040364642,1.207006373796844,2.13500370693244
2.7936166922251338,567.5759251912417,2.942982727019166,2.478984060451368,3.406981393586964
3.71348333358765,738.9284667968767,3.8720532457395076,3.3174377627776996,4.426668728701316
4.287383278210975,866.4287211100259,4.484333071404453,3.9297175884426454,5.038948554366261
4.509683171908058,924.1965942382808,4.754131689899906,4.199516206938098,5.09277270859782
4.393250068028775,895.8800964355459,4.620087681043929,4.065472198082121,5.09277270859782
3.945527831713367,792.1737823486342,4.119388404554015,3.5682239103591598,4.67055289874887
3.1520277857780497,614.8861134847008,3.2376020332824913,2.686437539087636,3.7887665274773465
2.0390500128269085,405.38442993164085,2.0950551288772923,1.6310564623094943,2.5590537954450903
0.6319555447747253,113.95920197168975,0.4753538498315382,0.18726103737331617,0.7634466622897602
0.17046666269501123,92.55786132812567,0.3590536359804331,0.07096082352221106,0.6471464484386551
1.533633331457776,351.4063237508133,1.6350451834284503,1.1710465168606523,2.0990438499962485
2.7712110678354915,573.5008010864267,2.9250313467499054,2.37386685255505,3.4761958409447606
3.688161194324483,746.4731597900409,3.8564866588194384,3.305322164624583,4.407651153014294
4.2503445943196665,862.7176971435542,4.41572041774942,3.864555923554565,4.966884911944275
4.442316671212517,920.5060272216816,4.681677855660075,4.130513361465219,5.09277270859782
4.244105617205292,914.8250783284508,4.651831052950165,4.100666558755309,5.09277270859782
3.1808001101016985,673.8871612548834,3.5251725262208544,2.974008032025999,4.07633702041571
2.664977868398025,516.0276692708317,2.739469427487549,2.2912808237737408,3.1876580312013574
1.6981777797142616,360.7988662719742,1.8590965717355217,1.4109079680217134,2.30728517544933
0.7026666793972276,139.9490801493334,0.5777219594803683,0.28962914702214626,0.8658147719385904
0.18142221817591486,93.4019502798726,0.3623280548452038,0.07423524238698176,0.6504208673034259
1.5672778040170599,354.6396827697767,1.657707107551674,1.2095185038378657,2.1058957112654824
2.8308610717455664,577.9962565104166,3.0030141319733485,2.4518496377784933,3.554178626168204
3.734700163205458,750.2601369222008,3.944626374447891,3.3934618802530356,4.495790868642747
4.293038924535125,877.4539998372392,4.553094141688351,4.011201707914308,5.09277270859782
4.526522556940717,933.5439605712892,4.810904885774774,4.269012452000732,5.09277270859782
4.415844440460192,910.464935302735,4.692456609242412,4.15056417546837,5.09277270859782
3.9856944878896083,803.7932840983058,4.177096592834388,3.6352041590603466,4.71898902660843
3.2179999550183584,624.9795888264974,3.282823562642365,2.7409311288683234,3.824715996416407
2.1163888772328665,414.6055653889983,2.1390876470820612,1.690899043368253,2.5872762507958695
0.5425499926010743,121.75707244873009,0.5066256795925148,0.21853286713429276,0.7947184920507369
0.18881667358800872,92.27306862672178,0.35794885834758294,0.0698560458893609,0.646041670805805
1.5851555069287733,358.2109769185375,1.6513043614362004,1.203115757722392,2.0994929651500085
2.8287889560063584,577.1982396443683,2.9343961338130233,2.3925037000389815,3.476288567587065
3.74662788709005,748.9840749104825,3.829571061503245,3.2876786277292034,4.371463495277287
4.281211177508042,871.4676767985025,4.398971083165402,3.8570786493913602,4.940863516939444
4.5032222270965585,921.7565816243491,4.6237875821436,4.081895148369558,5.09277270859782
4.375294526418042,897.7247263590499,4.514345663963826,3.972453230189784,5.056238097737868
3.9493111371993916,794.4636586507158,4.031483693088371,3.4901495813739882,4.572817804802755
3.2016554872194916,618.5117543538408,3.1741322937406635,2.6327981820262805,3.7154664054550466
2.105161100625975,412.71338399251334,2.078903683332534,1.6307150796187257,2.5270922870463424
0.6612833260248114,124.69754171371433,0.5077315817896425,0.21963876933142046,0.7958243942478646
0.20922777336090892,100.43802420298205,0.3821004905589279,0.09400767810070587,0.67019330301715
1.57368336617946,361.3784370422375,1.6404904957110342,1.192301891997226,2.0886790994248425
2.527566721042008,570.5200475056959,2.867727145283845,2.4195385415700366,3.315915748997653
3.7227222522099663,732.02875773112,3.7206513101020278,3.1793171983876447,4.26198542181641
4.275272329648342,851.1191050211592,4.253293319284024,3.7119592075696413,4.794627430998407
4.4713278214136665,898.8753611246749,4.453441508343557,3.912107396629174,4.99477562005794
4.365505576133733,877.4362386067709,4.344519070994288,3.8031849592799047,4.88585318270867
3.925205469131475,769.93357849121,3.8409412718141125,3.2996071600997294,4.382275383528496
3.141955693562817,597.2139816284175,3.0132846584643227,2.4719505467499396,3.5546187701787058
2.1223499874273917,417.88286590576246,2.0617682720145782,1.61357966830077,2.5099568757283865
0.6445610815038365,127.03760703404816,0.5075418967672756,0.21944908430905352,0.7956347092254976
0.5643944541613234,125.1161524454755,0.574244847658496,0.2876221336148277,0.8608675617021644
0.517022204895815,108.49219385782901,0.5724729093828126,0.28585019533914424,0.8590956234264809
0.8530833721160875,173.39879290262832,0.9424915472592884,0.6558688332156201,1.2291142613029566
1.6254555284976917,337.98199590047165,1.808507909306512,1.3603193055927036,2.2566965130203203
1.9951665898164166,418.59331130981417,2.21452942989922,1.7744595860698342,2.6545992737286057
1.1210554937521642,221.50857416788833,1.2038670398553568,0.9172443258116885,1.4904897538990252
0.6931666682163867,138.2814337412515,0.7555108539521552,0.4688881399084869,1.0421335679958235
0.7437999943892151,157.033168792725,0.8474909068430754,0.560868192799407,1.1341136208867437
0.48587225625912506,115.98155975341842,0.601546301471165,0.3149235874274966,0.8881690155148333
0.1283277761249337,40.40248624483741,0.16580890364510892,0.0,3.9965701773471007
0.3363388925790783,72.84195899963383,0.34216699984330085,0.0555442857996325,0.6287897138869691
0.2958388781795907,58.170539220174085,0.3150111222541472,0.0,4.145772395956139
0.439111116031805,75.81882015864083,0.42724978756580273,0.14062707352213438,0.7138725016094711
0.5738166843851417,97.57315317789742,0.5525922651164488,0.2659695510727804,0.8392149791601171
0.42550001045068253,69.53460597991966,0.4000439998996018,0.11688459223230663,0.683203407566897
0.9583111355702133,170.84145418802817,0.9719417324961641,0.6887823248288689,1.2551011401634593
0.70959446579218,132.37466112772532,0.7535115159891652,0.47035210832187,1.0366709236564604
0.6848277995983767,123.79073905944757,0.6983194784094067,0.4151600707421115,0.9814788860767019
0.3975333472092942,83.1858104070035,0.4495552891563723,0.16639588148907708,0.7327146968236675
0.243444439644614,58.32523608207742,0.24479520746320912,0.0,4.075556481165201
0.22203888402630975,57.70373264948506,0.2216882204662621,0.0,4.052449494168254
0.8474111457665799,187.80551783243752,0.8790067924697859,0.5958473848024907,1.1621662001370812
2.5749221642812166,539.3034642537442,2.7574409359908785,2.3173710921614927,3.197510779820264
3.737722138563783,734.3444163004559,3.762234490868534,3.220900379154151,4.303568602582917
3.5507333676020334,712.49592590332,3.675339067192421,3.134004955478038,4.216673178906804
3.8052554527918416,769.3626708984375,3.948261391473884,3.4145493043168464,4.4819734786309215
2.6026666661103417,544.7244771321617,2.8809899417891383,2.4409200979597525,3.321059785618524
3.0716278155644834,618.6653874715167,3.2243951813118654,2.690683094154828,3.758107268468903
1.4676222155491498,302.17343266805,1.6247810554419995,1.3416216477747043,1.9079404631092947
0.7519222473104783,162.78264172871965,0.8490292455625342,0.565869837895239,1.1321886532298295
0.3323111180216067,76.097503344217,0.3120801205772361,0.028920712909940915,0.5952395282445313
0.16779443454167167,41.77599342664046,0.15778546962052178,0.0,3.9885467433225132
1.673961083094275,359.35046259562165,1.6060442393860697,1.165974395556684,2.046114083215455
1.0516444370150626,228.79899724324517,1.1943190906574586,0.9111596829901634,1.4774784983247538
1.5968722105026283,324.30743662516335,1.7375043549071165,1.2974345110777308,2.1775741987365023
4.034177641073875,811.5500132242834,4.069259396406841,3.5355473092498038,4.602971483563879
3.5940888722737583,740.2154591878242,3.755369548129345,3.2216574609723074,4.289081635286383
2.76610004156829,566.4915199279801,2.943536466417535,2.5034666225881494,3.383606310246921
1.1127111141880341,222.00944709777798,1.2197156616476272,0.941231945298918,1.4981993779963365
0.7224666426579134,154.79999542236334,0.8550374757091046,0.5765537593603953,1.1335211920578139
0.30179442962010744,74.93657302856501,0.3990381662327196,0.12055444988401032,0.6775218825814289
0.12258332657317317,35.053720792134584,0.14745427162309796,0.0,3.9782155453250896
0.2904611088645965,105.27604341507016,0.40487797394063535,0.12639425759192607,0.6833616902893447
1.3236222068468708,313.988414764405,1.44947660121893,1.0094067573895442,1.8895464450483157
0.8932722459236683,212.25901794433582,1.1418973959187524,0.8634136795700431,1.4203811122674617
1.03291118641694,230.72745641072666,1.2909342841318332,1.012450567783124,1.5694180004805425
1.1771944562594074,256.0276947021467,1.440651413064454,1.1621676967157448,1.7191351294131634
1.1832333008448292,260.18390019734915,1.4699068269623945,1.1914231106136852,1.7483905433111038
1.2429277896881141,261.95940526326416,1.4814628213556746,1.1983034136883794,1.7646222290229698
1.224000016848244,278.5912653605133,1.5629338649983686,1.2797744573310734,1.8460932726656638
0.8829944580793391,204.54835637410585,1.1451969134083875,0.8620375057410923,1.4283563210756827
0.42833889772494665,104.23463948567775,0.5630373856146924,0.2798779779473972,0.8461967932819876
0.1744333396976185,50.56562455495192,0.2132804841371012,0.0,4.044041757839093
0.3090944401919849,156.1075986226395,0.6022405738385639,0.3190811661712687,0.8853999815058591
1.6751667261123584,399.20306523640994,1.82524639833327,1.3851765545038843,2.2653162421626556
2.914272248744967,601.2807540893542,3.0466825903780994,2.512970503221062,3.580394677535137
2.7200278490781784,645.0987625122083,3.3805618770880472,2.8468497899310097,3.914273964245085
3.78117230534555,850.7859903971275,4.3648896856775,3.8235555739631173,4.906223797391883
3.3245500425497667,706.1372324625582,3.712104942812008,3.1702125090379663,4.2539973765860495
2.2127611041068915,526.7899983723909,2.841354445763855,2.4012846019344694,3.281424289593241
2.1339555879433916,475.5702234904017,2.571730389332856,2.1235417856190475,3.019918993046664
1.8025444447994168,409.83393605550333,2.2105633932099518,1.770493549380566,2.6506332370393375
1.0593944291273718,247.81541442871,1.3020666217418262,1.0154439076981578,1.5886893357854945
0.3548277753094842,98.67516390482633,0.4104927268292252,0.12387001278555687,0.6971154408728936
0.3135333380972345,100.52500812212641,0.38996006557731655,0.1033373515336482,0.6765827796209849
1.6280999779701169,381.97510655721084,1.7560434474602507,1.315973603630865,2.1961132912896364
2.8728888829549164,597.0576731363925,3.0552152670664645,2.5133228332924227,3.5971077008405064
3.4895110328992085,714.4727325439458,3.7333844163791476,3.191491982605106,4.2752768501531895
4.121161063512166,872.9151051839191,4.4925278933624915,3.9511937816481084,5.033862005076875
4.4405776262283165,935.78546142578,4.786236776336351,4.244902664621968,5.09277270859782
4.464788794517508,940.6429748535157,4.797444879664392,4.256110767950009,5.09277270859782
3.9130888183911665,806.1996459960942,4.168030711608902,3.6266965998945193,4.709364823323286
3.200411121050525,632.931482950845,3.310331951491015,2.768997839776632,3.851666063205398
2.094511121511458,425.6130421956375,2.1808018591962686,1.7407320153668828,2.6208717030256543
0.6794222195943225,148.02449258168465,0.6101785959200594,0.32355588187639106,0.8968013099637278
0.34991666268251764,127.95018847783467,0.49634876755074847,0.20972605350708012,0.7829714815944169
1.7369111279646583,393.6836853027325,1.8071828948037836,1.3671130509743978,2.2472527386331693
2.9427445133527,623.8216908772783,3.1660956945869168,2.6247615828725337,3.7074298063013
3.83611675103505,795.5298970540375,4.090754022077301,3.5494199103629183,4.632088133791685
4.368716716766349,926.9402720133467,4.704893892900989,4.163559781186606,5.09277270859782
4.586743911107376,980.4367268880225,4.951297672204196,4.409963560489812,5.09277270859782
4.471933364868175,960.5492095947258,4.854547212740751,4.313213101026369,5.09277270859782
4.014355659484867,837.0162862141925,4.270184421779268,3.7364723346222304,4.8038965089363055
3.2309666275978164,649.3609415690108,3.3536976327006403,2.8199855455436027,3.887409719857678
2.1138278345266914,433.20742543538336,2.1963170268761605,1.7562471830467747,2.6363868707055462
0.6816111207008309,150.1152671178169,0.6130488644143338,0.32642615037066547,0.8996715784580022
0.36524999294124355,117.59682695070858,0.45618565177005843,0.16956293772639008,0.7428083658137268
1.7399388452370916,399.6140187581375,1.8154200876054611,1.3753502437760754,2.255489931434847
2.9464166363080246,610.1328582763658,3.075605043535578,2.5418929563785406,3.6093171306926157
3.8112445076306667,781.5993143717459,3.980922295867278,3.4472102087102403,4.514634383024315
4.335066755612692,910.9922332763675,4.572213477216829,4.038501390059792,5.09277270859782
4.540550192197149,961.0131174723309,4.7927577675060435,4.259045680349006,5.09277270859782
4.4225223859151255,941.5995229085291,4.696299194250172,4.162587107093135,5.09277270859782
3.9730889995892746,823.1512858072916,4.149112949376248,3.615400862219211,4.682825036533286
3.1978778441747084,642.9669952392592,3.279682677775772,2.7459705906187346,3.8133947649328097
2.0781000057856334,428.2067718505859,2.1456286393853774,1.7055587955559917,2.585698483214763
0.6675722425182725,148.3469007809961,0.5993645148858923,0.31620510721859707,0.8825239225531875
0.38229999924078534,117.92475883165957,0.45107997178527676,0.16792056411798156,0.7342393794525719
1.767605523268375,398.5599288940425,1.7778730383034003,1.3378031944740145,2.2179428821327862
2.952444454034175,600.7930806477875,2.967790300672256,2.4340782135152184,3.5015023878292935
3.8170444766680336,769.2750803629533,3.830521357948594,3.3034991148937958,4.3575436010033926
4.336638847986858,896.5095011393233,4.400124524153212,3.873102281098414,4.9271467672080105
4.516616344451909,942.5232594807941,4.605665784491322,4.078643541436524,5.09277270859782
4.396338701248175,916.8669331868467,4.494495388249905,3.9674731451951066,5.021517631304703
3.9370057185491003,787.0262552897134,3.8982897315754315,3.3712674885206333,4.42531197463023
3.0682749648889,590.1811345418308,2.9725745726009754,2.445552329546177,3.4995968156557735
2.103800008694325,412.7248865763342,2.0307476895668,1.5906778457374142,2.4708175333961857
0.6730916692564808,147.63240242004366,0.5850250516004256,0.3018656439331304,0.8681844592677208
0.3757444393510612,101.59294287363717,0.3787904435027208,0.09563103583542559,0.6619498511700159
1.7861833274364418,400.33145904541,1.761845330777931,1.3217754869485452,2.2019151746073167
2.9902666608492416,601.7952168782558,2.928321422707199,2.401299179652401,3.455343665761997
3.8518362442652414,767.4130554199224,3.752291820382208,3.22526957732741,4.279314063437006
4.119058310985566,845.1896107991524,4.097430410365229,3.570408167310431,4.624452653420027
4.514397144317617,945.2068125406882,4.518650511966892,3.991628268912094,5.04567275502169
3.246419469515475,706.6919606526658,3.510743722010084,2.987282915123707,4.034204528896461
4.1381444533666,877.4799448649092,4.225126897245612,3.7016660903592356,4.748587704131989
3.0721000234286002,639.566111246745,3.1516242167169684,2.6281634098305915,3.675085023603345
1.456208375593029,305.2559642791767,1.507595725106706,1.2244363174394108,1.7907551327740012
0.5979222096502858,145.16599718729807,0.568712428950015,0.28555302128271975,0.8518718366173101
0.4264694297065314,129.51531020800175,0.4908358561701001,0.20767644850280492,0.7739952638373953
1.829711139202125,422.86847686767584,1.891895474745978,1.4541206733565137,2.329670276135442
3.061163882414508,631.6593831380209,3.15382747373901,2.630366666852633,3.677288280625387
3.946250021457667,800.8217773437491,4.061442517063232,3.537981710176855,4.584903323949609
4.502997318903617,925.9153900146475,4.64757436419168,4.124113557305304,5.09277270859782
4.7087086041768496,978.5044148763017,4.890870735477933,4.367409928591556,5.09277270859782
4.577611168225608,953.8381245931,4.78396839497351,4.260507588087133,5.09277270859782
4.092025101184849,834.3538462320967,4.233005259828803,3.7095444529424264,4.756466066715181
3.2778916756311833,655.9146525065092,3.3688388569106005,2.8453780500242236,3.8922996637969773
2.1318166951338418,442.0329742431633,2.2265619059279955,1.7887871045385313,2.6643367073174598
0.6825333206603942,170.76364660263107,0.6926142499945365,0.4094548423272413,0.9757736576618317
0.44949444771191627,133.35367838541626,0.5173101712658015,0.23415076359850628,0.8004695789330967
1.8460138638814334,441.34383392333916,2.004312793404843,1.5665379920153786,2.442087594794307
3.0744972427686004,648.766779581705,3.271797665423905,2.776792250902191,3.7668030799456194
3.9552750984827583,811.8897654215499,4.15095123376486,3.6559458192431458,4.645956648286575
4.4749054908752415,932.0563507080083,4.700185597242535,4.20518018272082,5.09277270859782
4.6528891722361,978.2733052571616,4.892119980305337,4.397114565783623,5.09277270859782
4.518022298812858,944.4700622558593,4.738447394674025,4.24344198015231,5.09277270859782
4.041472136974342,819.2649129231776,4.143376925972613,3.648371511450899,4.638382340494328
3.244183341662092,640.561482747395,3.2705962581822385,2.7755908436605243,3.7656016727039527
2.1154000560442667,426.52874247233166,2.1365633808619906,1.6987885794725264,2.574338182251455
0.6841250055780067,165.499650001527,0.6662017188011884,0.3830423111338932,0.9493611264684836
0.49006944025556787,133.3987027804055,0.5092348272895035,0.23075111094079426,0.7877185436382128
1.8541110257307667,420.50668589273914,1.8716535083387034,1.4338787069492391,2.3094283097281676
3.048649966716758,625.7418975830075,3.082729591879205,2.5877241773574906,3.577735006400919
3.893913964430492,793.7045186360675,3.9335897056793825,3.4385842911576683,4.428595120201097
4.396416783332825,915.6184946695959,4.465705024304163,3.9706996097824487,4.960710438825878
4.591515819231684,968.4865061442059,4.670174840953091,4.190446640616932,5.09277270859782
4.482016642888392,937.5067443847657,4.5159408412743485,4.036212640938189,4.995669041610508
3.3354221979777,705.1736551920575,3.501590416294384,3.021862215958224,3.9813186166305443
1.8991278012593584,419.16875330606916,2.1447415733354767,1.7069667719460124,2.582516374724941
1.2634805192549967,277.8557586669925,1.383792456275115,1.1053087399264057,1.6622761726238242
0.410783322528,102.73416996002199,0.4069585918651414,0.1284748755164321,0.6854423082138507
0.18208612191180332,52.2950189908345,0.19906296244846336,0.0,4.029824236150455
0.4791999831795692,110.87233098347849,0.5155542688458221,0.23707055249711284,0.7940379851945314
0.95914725959301,201.53554407755584,1.0620806930114952,0.7835969766627859,1.3405644093602045
1.04859168827534,215.81999524434414,1.1816229097891595,0.9031391934404502,1.4601066261378688
1.4598083843787641,287.56409708659,1.573004985661442,1.2945212693127328,1.8514887020101514
2.2329555054505836,473.35664113362503,2.5181783647472855,2.0804035633578213,2.9559531661367497
2.0647639036178664,427.8933563232425,2.278924464390285,1.8411496630008206,2.716699265779749
2.4523888727029166,509.5547943115234,2.6563262618627252,2.218551460473261,3.0941010632521895
2.9756915966669664,612.5959548950192,3.084677456896092,2.604949256559932,3.5644056572322524
2.0960305929184,413.7108357747408,2.0318919418417556,1.5941171404522914,2.46966674323122
0.6900722247858858,165.18775097529067,0.6517602510298204,0.3732765346811111,0.9302439673785297
0.4160972113410608,113.68920993804942,0.4274520862824592,0.1489683699337499,0.7059358026311684
0.44767779981096495,108.39011319478442,0.5042822065890017,0.22579849024029242,0.782765922937711
0.90007504572471,191.70735740661493,1.0148121179798053,0.7399356189941686,1.289688616965442
3.847613831361133,780.3394927978508,3.938541231196066,3.458813030859906,4.418269431532226
3.0927445491155,645.844118754065,3.3383310236076373,2.858602823271477,3.8180592239437976
4.1577109893163,879.1690292358409,4.40769663483164,3.92796843449548,4.887424835167801
4.653511087099708,963.2795461018926,4.7470486145011,4.26732041416494,5.09277270859782
3.7923388679822416,797.1988779703784,4.00121667139325,3.5214884710570895,4.48094487172941
2.6728667219479747,556.9181442260725,2.8649690486900563,2.4292948531259126,3.3006432442542
1.4048777967691508,295.95111592610584,1.5184054720329205,1.2435289730472838,1.7932819710185572
0.2527833351244515,67.08367363611801,0.2775795466964231,0.002703047710786388,0.5524560456820597
0.20776111073792017,57.713592449823665,0.2238845508880093,0.0,4.054645824590001
0.8583388701081224,193.3866310119635,0.9194246921869685,0.6445481932013318,1.1943011911726051
2.057677765687312,411.48867670694835,2.1823812662389876,1.746707070674844,2.6180554618031313
2.3571221580107973,473.7309328715008,2.5898795264424708,2.154205330878327,3.0255537220066144
1.8916721989711125,388.892166137695,2.167233635556671,1.7315594399925271,2.6029078311208145
2.054216643174502,409.6214790344216,2.285830383407517,1.8501561878433734,2.7215045789716608
2.089011112848907,426.13367080688414,2.379139776428497,1.9434655808643533,2.8148139719926406
0.47111110016703917,96.38528219858757,0.5628812895435092,0.28800479055787254,0.837757788529146
1.5490499784549092,288.9259014129637,1.6382547244069383,1.3633782254213016,1.913131223392575
1.6990443964799216,335.8689918518075,1.7947873053119008,1.3591131097477571,2.2304615008760447
0.5390222103645367,122.78100045522042,0.520683596274461,0.24580709728882433,0.7955600952600977
0.20795553953697232,54.891313552856666,0.21293626961653053,0.0,3.987353113666614
0.88593331476053,203.36037699381498,0.9615413079241636,0.6866648089385269,1.2364178069098002
2.028605580329875,443.87344106038336,2.3341054596750483,1.8984312641109047,2.769779655239192
3.0516055822372414,658.7083994547517,3.4922322034630313,3.012504003126871,3.9719604037991916
4.487089157104475,929.2719523111983,4.769604037143971,4.292630891037703,5.09277270859782
4.718405723571784,1011.7195841471349,5.129782413508831,4.652809267402564,5.09277270859782
4.5596386988957756,982.2675730387374,4.980847394971987,4.50387424886572,5.09277270859782
4.086244543393458,850.6884053548183,4.355847316892297,3.8788741707860295,4.832820462998565
3.253138899803167,668.4457041422534,3.4577715375397466,2.980798391433479,3.9347446836460143
2.091994414726883,445.08739471435416,2.260372419509893,1.8246982239457492,2.6960466150740365
0.6687444361547618,186.10306072235127,0.7591363037260331,0.4842598047403964,1.0340128027116697
0.5339277821282559,128.1751057306926,0.49361391197771687,0.21873741299208016,0.7684904109633536
1.90102221568425,443.58906046549333,2.0110870912923033,1.5754128957281597,2.446761286856447
3.1185889244079665,646.7794087727858,3.2504649726083654,2.773491826502098,3.727438118714633
3.9750554760297163,810.5884246826184,4.1068596962395425,3.629886550133275,4.58383284234581
4.474083224932358,930.3396250406892,4.6173654953826455,4.140392349276378,5.09277270859782
4.675060987472533,981.1578470865884,4.80525404168037,4.328280895574102,5.09277270859782
4.6171499490737915,964.1677551269526,4.7175605458914385,4.240587399785171,5.09277270859782
3.006283223628992,620.9409077962242,3.178656595710637,2.7098076104208397,3.647505581000434
2.12798885504405,447.263562520345,2.3175714302353962,1.883169623555558,2.7519732369152345
1.439922258257872,313.7986602783192,1.577304960368762,1.1429031536889238,2.0117067670486004
0.5765749923884875,146.51782862345334,0.5842497825983581,0.3107909613972816,0.8577086037994347
0.2865277716579527,74.22885123888675,0.2776510356699535,0.004192214468876965,0.5511098568710301
0.6293444335460666,129.38830184936657,0.5950162876218853,0.32155746642080874,0.8684751088229619
1.1042749534050615,228.58536402384502,1.1903749269466037,0.9169161057455272,1.4638337481476804
1.8275139232476583,374.31820297241165,1.9824307176506353,1.548028910970797,2.4168325243304736
0.9701971871157492,197.1061013539634,1.087583002738788,0.8141241815377115,1.3610418239398645
0.5327638958891233,82.63594881693558,0.4711807864651908,0.19772196526411423,0.7446396076662674
1.7652999957402693,344.4152685801192,1.890483848148601,1.4560820414687627,2.3248856548284396
0.9761444305380292,186.59765179952015,1.0366866256136757,0.7632278044125992,1.3101454468147522
1.6122222766280165,325.93473370869816,1.7540394869992493,1.319637680319411,2.1884412936790874
0.5396555537978774,121.68180529276441,0.6397618168066591,0.36630299560558255,0.9132206380077357
0.376155527929465,102.80163764953618,0.4193207003928083,0.1458618791917317,0.6927795215938848
0.5980055617789408,142.73912684122666,0.5505738508210409,0.27711502961996437,0.8240326720221175
2.0076556305090585,490.962326049805,2.2323478079373746,1.7979460012575363,2.666749614617213
3.236827830473583,699.2353363037117,3.5431703772155925,3.0743213919257952,4.01201936250539
4.047494431336733,856.4729614257825,4.408586065405135,3.939737080115338,4.877435050694933
4.621316870053609,989.1063385009758,5.030925640610777,4.562076655320979,5.09277270859782
4.7612609068552665,1019.6015523274658,5.1741285401693435,4.705279554879546,5.09277270859782
2.9204333623250416,635.7955907185875,3.4016342898918714,2.932785304602074,3.8704832751816687
3.7856277624766084,804.3989868164067,4.176079029571664,3.6991058834653963,4.6530521756779315
2.573688824971525,552.5074818929033,2.9283145715458274,2.493912764865989,3.3627163782256657
1.3415833612283101,301.9631411234525,1.5794945629728756,1.3100634682105885,1.8489256577351627
0.5944444549580367,147.85370858510308,0.6118078609200464,0.34237676615775925,0.8812389556823335
0.5872611117859692,131.50799703598025,0.5008925430194765,0.2314614482571894,0.7703236377817636
1.5629611512025117,363.4578399658208,1.6490911521315388,1.2146893454517005,2.083492958811377
1.38432778418066,301.6128234863275,1.5782009897653495,1.3087698950030624,1.8476320845276366
4.020750105381008,861.2075297037767,4.2761465284726246,3.799173382366357,4.753119674578892
4.271233379840842,873.5323715209984,4.346400960438919,3.869427814332651,4.823374106545186
5.139889001846308,1114.8347167968834,5.3571111751494715,4.880138029043204,5.09277270859782
4.726338942845667,1013.2486826578725,4.93811387983475,4.469264894544953,5.09277270859782
2.5508499344189843,557.3584798177092,2.8982104364895434,2.463808629809705,3.3326122431693816
1.7113111168146116,351.72956403096504,1.8738841940389648,1.4394823873591265,2.308286000718803
0.34018889628350807,72.88968070348075,0.3888537551190328,0.1194226603567457,0.6582848498813199
0.12061666309212632,33.81080710887901,0.14080108463868474,0.0,3.9152179286887683
0.594188900354011,140.17557954788217,0.5284097444001289,0.2589786496378418,0.797840839162416
1.977127750714625,468.02170308431,2.0888420430853256,1.6622808327885883,2.515403253382063
3.2867499589920004,690.4848225911442,3.4311887028605117,2.9623397175707145,3.900037688150309
3.7315388520558663,796.3586476643892,4.048335640021136,3.579486654731339,4.517184625310934
3.392966628074642,745.2681020100925,3.8378127724375384,3.368963787147741,4.306661757727335
4.679142077763875,1018.2991282145175,5.056145474532859,4.587296489243062,5.09277270859782
4.541563947995509,979.5332132975233,4.875099613809143,4.406250628519345,5.09277270859782
4.065733353296925,850.18706258138,4.280428321788168,3.811579336498371,4.749277307077966
3.2529140114784254,668.473337809245,3.4197044950133773,2.95085550972358,3.8885534803031745
2.067152758439375,444.845863342285,2.2373017490327403,1.810740538736003,2.6638629593294776
0.6668833481768783,195.04109636942442,0.7892209961366298,0.5197899013743427,1.0586520908989168
0.601380525777735,136.56585168838458,0.5273747859531381,0.25794369119085103,0.7968058807154252
1.9550083676974,490.83709462483745,2.224318279373169,1.7977570690764315,2.650879489669906
3.173752764860792,701.4942576090492,3.536356050217826,3.0675070649280287,4.005205035507624
4.053777714570351,878.6654764811209,4.484601922900978,4.015752937611181,4.953450908190776
4.588725010554,1013.3106994628951,5.104522569328285,4.642002880140989,5.09277270859782
4.764135877291375,1067.2683308919334,5.3453265588822925,4.876477573592496,5.09277270859782
4.606416861216225,1022.3619079589816,5.145169665694808,4.66819651958854,5.09277270859782
4.100758353869125,881.636154174805,4.49847097233861,4.018742772002449,4.9781991726747705
3.2790000041325915,695.3647613525383,3.592511843561681,3.1127836432255207,4.072240043897841
2.1296360592047336,466.017300923665,2.364673162571105,1.9381119522743675,2.791234372867842
0.6893389075994526,204.37223498026466,0.8327487567024118,0.5633176619401247,1.1021798514646988
0.6342500162621292,223.00460243225066,0.8504409546289255,0.5810098598666384,1.1198720493912127
2.0155444542566836,502.7136383056658,2.254405042266463,1.8278438319697257,2.6809662525632003
3.0166833822926,710.2865549723309,3.5314304347406402,3.05170223440448,4.0111586350768
4.059649944305425,891.2348327636724,4.47639277830354,3.9951918507367106,4.95759370587037
4.571227749188742,1020.7921498616743,5.0590613050655575,4.577860377498728,5.09277270859782
4.722691694895434,1069.4028116861916,5.269609593465035,4.7817760375882195,5.09277270859782
4.586791435877483,1024.2004903157567,5.069060765449354,4.57405535092764,5.09277270859782
4.097041606903091,886.35789489746,4.44877671042313,3.960943154546314,4.936610266299946
3.2895944714546332,700.321970621745,3.5575781882125437,3.069744632335728,4.0454117440893596
2.1456250150998497,468.9135920206683,2.344279854768452,1.9177186444717145,2.770841065065189
0.7052694360415234,204.08337720235193,0.8208487912609881,0.5571811612466901,1.084516421275286
0.5647999842961625,134.73584032058668,0.5081798878346288,0.24451225782033081,0.7718475178489267
2.0398361186186498,479.4022623697917,2.1244711146322772,1.69790990433554,2.5510323249290145
3.2458917299906247,679.0780843098967,3.333016239345391,2.845182683468575,3.8208497952222067
4.185633321603142,867.9168497721358,4.276181095820696,3.7883475399438797,4.7640146516975115
4.426405549049384,916.788787841795,4.491574302101836,4.00374074622502,4.979407857978652
4.2567583968242095,1072.0819040934125,5.116586813041705,4.628753257164889,5.09277270859782
3.5429471731185913,763.0108108520517,3.818360579430483,3.3233551649087687,4.313365993952197
1.74997504552205,384.5582682291675,2.0320348652115183,1.605473654914781,2.4585960755082557
1.6400028616190043,356.983247121175,1.870107042815735,1.4435458325189976,2.2966682531124722
1.320408319433535,288.291200002035,1.4575158070099659,1.193848176995668,1.7211834370242638
0.7537999947865733,192.74743779500326,0.7662804430452012,0.5026128130309032,1.029948073059499
0.38606944369772966,100.04878743489583,0.36953964110649096,0.10587201109219302,0.6332072711207889
0.8240667022764704,200.13662179311208,0.9068286162543514,0.6431609862400535,1.1704962462686495
1.3971000214417841,304.0919011433925,1.5692135517829258,1.3055459217686278,1.8328811817972237
1.2897360871235475,259.79874165852834,1.4142943431744357,1.1506267131601378,1.6779619731887336
1.51595000425976,288.9957097371425,1.587142476097898,1.3234748460836,1.850810106112196
1.6482833623886084,313.099155426025,1.730719969021181,1.467052339006883,1.994387599035479
3.96447507540385,810.7343724568683,4.175155664569074,3.6801502500473595,4.6701610790907875
3.7314528425534665,775.0237274169925,3.9669749600971973,3.471969545575483,4.4619803746189115
3.3532416025797587,679.9441782633459,3.4593023897701545,2.9642969752484403,3.9543078042918687
2.081052800019583,433.00407918294246,2.165118144690758,1.7385569343940208,2.5916793549874955
0.5367861017584784,152.00192801157542,0.6117556358809589,0.3482986790759123,0.8752125926860056
0.6657027968516025,135.540618578593,0.5156982507682658,0.25224129396321915,0.7791552075733125
2.0715860923131335,496.4091491699208,2.2191882973638632,1.7997817656568982,2.6385948290708283
3.2780667742093414,702.242212931315,3.4966484859975444,3.0088149301207285,3.9844820418743603
4.119605561097466,877.9856974283842,4.418073589092384,3.9302400332155685,4.9059071449692
4.596994400024408,1001.2002563476617,4.966904075157716,4.4790705192809,5.09277270859782
4.426747232675542,1053.5875651041583,5.188291103661247,4.700457547784431,5.09277270859782
4.598733464876808,1000.5011240641284,4.9483205240694685,4.453315109547754,5.09277270859782
4.1181888977686665,868.7486470540375,4.343841266213823,3.8488358516921086,4.8388466807355375
3.3117055694262167,680.9221700032558,3.4543361037991436,2.9593306892774294,3.949341518320858
2.146377772092817,453.6938959757483,2.2652682942159816,1.8458617625090166,2.6846748259229467
0.7354249916970751,196.52630996704167,0.7880637153305206,0.5246067585254739,1.0515206721355672
0.5176888965070213,122.39648596445666,0.46535750194378195,0.2019005451387353,0.7288144587488286
1.298383384943,309.3025207519525,1.405972447368896,1.1425154905638493,1.6694294041739426
1.0995917369922024,236.20935821533166,1.2420898835351364,0.9786329267300897,1.505546840340183
0.8891499539216342,182.28095753987668,1.0050224001450758,0.7415654433400292,1.2684793569501225
1.274075011412325,270.3766924540208,1.482119721871811,1.2186627650667643,1.7455766786768576
1.8874277373154917,421.2912165323883,2.25067776332366,1.8312712316166948,2.670084295030625
2.757680495580033,615.0956319173191,3.1818343726209974,2.6868289580992832,3.6768397871427116
1.5460194647311998,340.7537180582675,1.8174178216573487,1.3980112899503836,2.2368243533643137
0.9576166868209892,213.24032211303665,1.1429171267738254,0.8794601699687787,1.406374083578872
0.5555444285273559,131.27702140808134,0.6804778390617368,0.4170208822566901,0.9439347958667834
0.1290388886506358,36.85329421361292,0.1509427720527399,0.0,3.9253596161028237
0.15205001303305385,39.93301836649584,0.15132114030373586,0.0,3.9257379843538196
0.33860835681358914,74.3046436309815,0.34751893768488606,0.08447858969781452,0.6105592856719576
0.7883916820088959,164.58886337280157,0.8759168231453884,0.6128764751583169,1.13895717113246
1.545488874117525,325.99657948811836,1.7669556413621461,1.347549109655181,2.186362173069111
3.9195805589358,817.4771118163991,4.158849649077689,3.663844234555975,4.653855063599403
2.87842510143915,615.71362813314,3.223844562347992,2.7288391478262777,3.718849976869706
1.900261153777425,407.42558034261083,2.2014860606786466,1.7820795289716815,2.6208925923856117
2.6730110148588753,559.2367490132641,2.9357500527300826,2.5163435210231175,3.3551565844370477
1.9296444058418334,414.03626251220584,2.1851162254239274,1.7657096937169623,2.6045227571308924
0.9960722227891309,233.36470413208,1.2046079797664802,0.9415676317794086,1.4676483277535517
0.45927222321430755,123.90612697601166,0.5042581144684789,0.24121776648140736,0.7672984624555504
0.2559083414574467,47.550100485483746,0.22268997514814626,0.0,3.9971068191982297
0.5086444343129791,87.63416926066058,0.46847334817623343,0.20543300018916189,0.731513696163305
0.5324194331963851,94.43130207061809,0.5256737745228443,0.2626334265357727,0.7887141225099158
0.8570944617192008,163.49379603068,0.9099980020732646,0.6469576540861931,1.1730383500603363
1.4518389006455692,290.4138615926117,1.5935883727062126,1.330548024719141,1.856628720693284
1.4619555324316043,276.4764060974125,1.5190307312125289,1.2559903832254573,1.7820710791996004
1.5926499962806833,331.45026016235414,1.799461273880966,1.380054742174001,2.218867805587931
1.7718527515729443,367.7329317728675,1.9581916802167916,1.5387851485098265,2.3775982119237566
1.4424499819676084,314.73373158772915,1.605230072154427,1.197211123743892,2.0132490205649622
0.3549777728815875,94.72819010416758,0.3850329127175773,0.12199256473050574,0.6480732607046489
0.7195055373013025,190.65698830286775,0.7258036943892163,0.4636012390601679,0.9880061497182647
2.1558555563291,560.8281148274733,2.5080224725037503,2.100003524093215,2.9160414209142855
3.3498555421829335,777.0517323811858,3.869649453083867,3.3818158972070513,4.357483008960683
4.199463923772175,975.5202331542991,4.899807540089522,4.404802125567807,5.09277270859782
4.688097318013483,1103.05891927085,5.4710610580346435,4.956314005586603,5.09277270859782
4.84079722563425,1153.6596781412666,5.605932797272689,5.090135238498403,5.09277270859782
4.6433973312378,1096.3559570312416,5.424002387495507,4.904208476594572,5.09277270859782
3.9493611852328,947.3292541503941,4.742043633043113,4.2185828261567355,5.09277270859782
3.3219221830368,758.6618245442718,3.8393606300722625,3.3123383870174643,4.36638287312706
2.1601750155290085,513.030751546225,2.554356208943236,2.146337260532701,2.9623751573537707
0.7705777722100433,231.65331649780333,0.9282950403882628,0.6660925850592144,1.1904974957173113
0.7457083115975083,192.54477739334024,0.7368947071403863,0.4746922518113379,0.9990971624694347
2.1604471802711416,555.1973622639991,2.478166879631543,2.0701479312210083,2.886185828042078
3.3350721796353753,767.6458740234384,3.8124073429860106,3.2853850999312124,4.339429586040809
3.977416694164275,961.0190836588484,4.81523327388383,4.288211030829032,5.09277270859782
4.617111047108967,1087.162353515625,5.362391046697327,4.828678959540289,5.09277270859782
4.761477510134375,1128.1475219726667,5.514523651887514,4.980811564730477,5.09277270859782
4.594333211580908,1064.13470458985,5.2232883323425465,4.6845355278639635,5.09277270859782
4.1037610371907665,922.13042195638,4.56981012476638,4.028476013051996,5.09277270859782
3.307455539703375,743.4420928955075,3.716071954104424,3.1747378423900408,4.257406065818807
2.1550721724828086,499.3751220703125,2.4599875860851705,2.0519686376746353,2.8680065344957058
0.7710888733466491,223.985366185505,0.888514982099142,0.6263125267700936,1.1507174374281903
0.54549444715182,128.2781340281165,0.483707084800288,0.2215046294712396,0.7459095401293364
1.5071111122767125,382.3977076212575,1.7086785814198546,1.3006596330093196,2.1166975298303896
1.6556666990121167,440.20797220865916,2.2190354035816995,1.8110164551711645,2.6270543519922347
2.4251333375771833,533.8729705810508,2.7476823695807875,2.3282758378738224,3.1670889012877526
3.8096333940824003,854.2123107910207,4.193115224153668,3.6517811124392847,4.734449335868051
2.462288896242775,534.1543604532909,2.763164350180417,2.3437578184734518,3.182570881887382
1.9900555312633499,435.8271700541192,2.2897355716192873,1.8703290399123222,2.7091421033262524
3.5274944106737665,775.780715942385,3.842497864492283,3.3011637527779,4.383831976206666
2.99884444475175,656.1246134440108,3.254902333335737,2.713568221621354,3.7962364450501203
1.36240271727244,299.096073150635,1.4898945456279364,1.2276920902988882,1.7520970009569847
0.502375011642775,133.7102127075204,0.5288726428111794,0.266670187482131,0.7910750981402278
0.3492472283542141,87.62281672159867,0.32618986025524854,0.06398740492620014,0.5883923155842969
1.1554638445377292,260.56694793701166,1.171811971398159,0.9096095160691106,1.4340144267272072
2.5205111205577833,535.2674967447908,2.6564969739264983,2.248478025515963,3.0645159223370335
2.5276416341463834,536.80841318766,2.761905056014092,2.3538861076035573,3.169924004424627
3.3357778290907585,731.3528467814184,3.6788741930597695,3.1375400813453864,4.220208304774152
3.8218165437380502,846.9653828938775,4.19436438304089,3.653030271326507,4.7356984947552725
4.283669432004292,949.4591674804783,4.620949147425973,4.079615035711591,5.09277270859782
3.315997143586483,750.8678741455059,3.744324928428621,3.205572123950038,4.283077732907204
2.2155666550000572,465.02020009358586,2.387149075189382,1.9791301267788468,2.795168023599917
1.9370916883150666,427.19045257568337,2.09564314814503,1.687624199734495,2.5036620965555647
0.7805166728794558,210.33434232076073,0.8238020384376861,0.5615995831086377,1.0860044937667346
0.7809472220639359,225.2823982238771,0.8480581228575707,0.5876509290592054,1.108465316655936
2.2075388332208083,566.7566248575841,2.506455909968745,2.0984369615582104,2.91447485837928
3.3977304697036668,793.1557820638026,3.8910239771204784,3.3522711726418954,4.429776781599061
4.2306584517161,988.2744649251284,4.89792054476153,4.359167740282947,5.09277270859782
4.705816745758058,1108.4884134928418,5.431590969993601,4.890256858279217,5.09277270859782
4.83908077081045,1156.7452392578,5.605932797272689,5.064040363498647,5.09277270859782
4.655735850334167,1092.5084737142,5.3542837383399915,4.80736583977039,5.09277270859782
4.1346694231033245,942.7430114746076,4.691117985639814,4.13995349144496,5.09277270859782
3.3218110601107416,757.9349975585933,3.813402283089679,3.2587868001278713,4.368017766051487
2.1540472408135667,511.4776229858408,2.5382890223715076,2.130270073960973,2.9463079707820423
0.7723166247209017,231.42672220865916,0.9255195981425037,0.6651124043441384,1.1859267919408691
0.792827714234595,222.74601189295592,0.8404000400295918,0.5799928462312265,1.100807233827957
2.183175007502225,552.5305252075192,2.40907767101022,2.0010587225996854,2.817096619420755
3.3281499147415166,783.4473164876317,3.752098258268219,3.197482775306411,4.306713741230027
4.124030570189158,977.5915069580042,4.728591796874641,4.173976313912833,5.09277270859782
4.614702661832175,1097.8748067220001,5.251301237975194,4.696685755013386,5.09277270859782
4.775780439376842,1144.7757568359332,5.447975064882892,4.891586675424768,5.09277270859782
4.6030362844467,1083.1167195638084,5.20291322569156,4.64646466315507,5.09277270859782
4.102913777033483,935.9368642171233,4.559873015818545,3.995115624887848,5.09277270859782
3.2683416207631417,749.5838826497401,3.7076131872705753,3.142855796339878,4.272370578201272
2.1173888444900584,503.4875005086258,2.45784907473514,2.049830126324605,2.8658680231456746
0.7567222155630651,226.75237147013334,0.8938400183621137,0.6334328245637484,1.154247212160479
0.803333327174189,227.14951705932683,0.8527920627621437,0.5923848689637784,1.113199256560509
2.1976583997408503,549.3960978190108,2.3870162406867808,1.9789972922762458,2.795035189097316
3.354255477587383,782.4223988850899,3.747975344001108,3.1832179530704106,4.312732734931805
4.172858357429525,972.2295583089184,4.697505079422639,4.132747688491941,5.09277270859782
4.633939027786266,1089.9840698242167,5.201088908825634,4.636331517894936,5.09277270859782
4.777997175852475,1128.6692301432167,5.366842771792153,4.800354903023939,5.09277270859782
4.618747472763059,1070.4673004150416,5.132876932055979,4.565727051016611,5.09277270859782
4.126444439093267,925.9501851399724,4.5169805176028675,3.950492648834653,5.083468386371083
3.3073305884997004,743.4949798583983,3.6789704157140726,3.112482546945858,4.245458284482288
2.146916637818025,497.43916575114,2.433090062307244,2.0250711138967086,2.841109010717779
0.7669722189505883,225.9843648274742,0.8912063984239869,0.6307992046256216,1.1516135922223523
0.8237972160180408,233.87077903747567,0.867814541524624,0.6074073477262587,1.1282217353229893
2.2269972165425584,546.7523905436209,2.3666194296336096,1.95868682217366,2.7745520370935592
3.3815610806147336,784.2040405273459,3.737365594600275,3.17087772583206,4.3038534633684895
4.170922140280392,973.2790629069026,4.667906530959502,4.101418662191287,5.09277270859782
4.624763925870258,1094.5517069498833,5.1831886001155,4.616700731347285,5.09277270859782
4.760238448778783,1134.78212483725,5.344695544250583,4.778207675482369,5.09277270859782
4.59756660461425,1076.6313985188833,5.111516152417891,4.544366271378523,5.09277270859782
4.119202812512717,935.9956054687533,4.52052825943332,3.9533783783939525,5.087678140472687
3.2974027196566253,749.3519185384125,3.6743612567132815,3.107211375673914,4.241511137752649
2.1280917127927,499.130833943685,2.4156781480633462,2.0077455406033966,2.823610755523296
0.7591277894874474,228.12750752766917,0.8896532007044496,0.6292460069060843,1.150060394502815
0.8404361071685825,239.28600883483884,0.8729815892689546,0.6125743954705893,1.13338878306732
2.2517472902933666,548.2181625366217,2.346654086408924,1.9387214789489744,2.7545866938688737
3.3980917334556584,784.1801656087233,3.680538835351959,3.1133889543125917,4.247688716391327
4.1675749023755495,972.1520233154242,4.582093681555765,4.01560581278755,5.09277270859782
4.607061266899108,1089.3956095377582,5.075171098955427,4.508683230187213,5.09277270859782
4.745083133379625,1129.3366190592417,5.244896314822685,4.678408446054471,5.09277270859782
4.587963740030942,1073.3226013183667,5.0192022422521285,4.452714373483914,5.09277270859782
4.09291392564775,935.9713033040316,4.451514324789879,3.8850264560216643,5.018002193558093
3.2849610845247916,746.5975697835283,3.6118875085304665,3.045399639762252,4.178375377298681
2.1205777525901834,500.1220830281575,2.390548622239326,1.9826160147793765,2.798481229699276
0.7586638778448034,228.60749944051167,0.8809192808854822,0.6205120870871169,1.1413264746838476
0.8594110781947717,238.9768371582031,0.8651945482775236,0.6049840223333733,1.125405074221674
2.2676999767621333,544.0593795776358,2.3107345631308602,1.9028019556709106,2.71866717059081
3.42572768529255,784.8612976074224,3.6469479287249924,3.0804600599567777,4.213435797493207
4.03544718027115,973.6466318766267,4.542969922369997,3.976482053601782,5.09277270859782
4.65135832627615,1089.4828796386835,5.031385693901335,4.46489782513312,5.09277270859782
4.798552751541142,1128.4965718587166,5.19513269370959,4.628644824941375,5.09277270859782
4.6168942848841334,1071.7979736328168,4.965456062344712,4.400698671414014,5.09277270859782
4.121799945831292,934.3585154215483,4.41103263112378,3.846275240193083,4.975790022054477
3.3032722473144336,744.2195994059258,3.5651281289731025,3.000370738042405,4.1298855199038
2.140180518229817,500.14847564697334,2.373819936153592,1.9658873286936425,2.7817525436135417
0.7646110927065175,229.32717895507753,0.8784620316601459,0.6182515057159956,1.1386725576042962
0.8748722051580717,238.42763074239056,0.8563748968865852,0.5961643709424349,1.1165854228307355
2.287361095349,545.6438420613591,2.30216893436311,1.8942363269031604,2.7101015418230596
3.4519554575284253,780.9127807617183,3.621982111195203,3.0572247202645055,4.1867395021259
4.251224994659434,964.8306223551434,4.494486628037277,3.9297292371065793,5.0592440189679735
4.709622303644816,1078.3056131998583,4.970627937731276,4.405870546800578,5.09277270859782
4.80545020103455,1112.9807434082,5.109839037512393,4.545081646581696,5.09277270859782
4.628319303194675,1060.3661448160826,4.9188984727025185,4.354141081771822,5.09277270859782
4.124186197916658,918.1528015136718,4.322178055979655,3.7574206650489574,4.886935446910352
3.2912666996320166,735.9972381591792,3.518818867424066,2.9540614764933686,4.083576258354763
2.1253889103730668,492.72053527832,2.327733657398062,1.9198010499381124,2.7356662648580117
0.7548166687289933,224.89500745137414,0.857257728622953,0.5970472026788027,1.1174682545671033
0.8375444387396168,195.29947662353516,0.7118014738485167,0.4515909479043664,0.972011999792667
2.2826667030652334,524.7913970947258,2.255240384196766,1.8473077767368165,2.6631729916567157
3.284244596958167,744.1201985677093,3.558381446806593,2.9999567725613514,4.116806121051834
4.280755639076242,929.9147237141916,4.495644322907936,3.937219648662695,5.054068997153178
4.7891500790913915,1046.90591430665,5.010518470443537,4.452093796198295,5.09277270859782
4.926477591196709,1085.26072184245,5.194020648286913,4.635595974041672,5.09277270859782
4.724550167719525,1032.7244211832724,4.9839535002885,4.425528826043259,5.09277270859782
4.186066667238866,900.3818308512383,4.409623917705652,3.8511992434604103,4.968048591950893
3.3145556449890248,712.7871297200526,3.5514812280276638,2.9930565537824223,4.109905902272905
2.1262888610363,472.32344563802,2.3243953602955183,1.9164627528355687,2.732327967755468
0.750433322042225,213.75640614827418,0.8472947654653653,0.587084239521215,1.1075052914095156
0.8296833336353284,195.36564668019608,0.7321631337622984,0.4719526078181481,0.9923736597064486
2.279049923022592,517.8110555013042,2.3008954058676894,1.9007670425275434,2.7010237692078354
3.4811500708262,757.2362925211584,3.7380438400543023,3.179619165809061,4.296468514299544
4.303733428319291,939.3538564046243,4.696120762800385,4.137696088555144,5.09277270859782
4.7874223391215,1049.6112365722668,5.195558906802758,4.637134232557517,5.09277270859782
4.930666367212925,1082.5676981608,5.34724105772457,4.7907924951880805,5.09277270859782
4.712022344271342,1025.0856272379467,5.096306073217012,4.539857510680522,5.09277270859782
4.158211270968125,890.6537221272791,4.4862784526880475,3.9298298901515576,5.042727015224537
3.297955493132267,706.9015909830717,3.605644068550647,3.049195506014157,4.162092631087137
2.1123888989289585,473.75832875569586,2.3789580839785573,1.9788297206384113,2.7790864473187034
0.74213887999455,218.44143486023083,0.8811400701646974,0.6209295442205471,1.1413505961088477
0.9244305541117966,238.90487114588484,0.9039122796693797,0.6437017537252294,1.16412280561353
2.338238885005325,581.5174001057942,2.570166161713944,2.013717599177454,3.126614724250434
3.51569163799285,824.7486623128251,4.018790052117801,3.462341489581311,4.575238614654291
4.3413582642873,1013.1585439046233,4.983175948806927,4.4267273862704375,5.09277270859782
4.807047446568816,1132.027140299475,5.48979128634199,4.931366612096749,5.09277270859782
4.943955381711309,1165.5609029134332,5.605932797272689,5.041175406341992,5.09277270859782
4.749999880790708,1100.8972167968834,5.347220087753398,4.780732218985184,5.09277270859782
4.228222171465567,962.7290598551367,4.742120886740682,4.175633017972467,5.09277270859782
3.372563958168025,768.7867635091151,3.843181344547458,3.2766934757792434,4.409669213315673
2.177999993165325,517.2375818888341,2.554855013080712,2.154726649740566,2.954983376420858
0.7622555705408299,242.64677492777415,0.965291884990611,0.7050813590464607,1.2255024109347614
0.9182944608231375,238.48980108896933,0.8951207719743126,0.6364671311298344,1.1537744128187908
2.3280444741248916,572.98255666097,2.5104055664466802,2.110277203106534,2.9105339297868262
3.487200101216642,812.4953511555991,3.9389162665958994,3.3724283978276848,4.505404135364114
4.290072222550708,994.1232910156217,4.865499019599743,4.299011150831529,5.09277270859782
4.738955656687433,1109.3461100260417,5.3571858122777245,4.790035931238357,5.09277270859782
4.912916700045266,1140.2685750325584,5.493998784667339,4.926001300176513,5.09277270859782
4.719500064849842,1084.54513549805,5.2651190214056705,4.695416811760666,5.09277270859782
4.189799825350442,951.5544331868458,4.678799485570478,4.109097275925473,5.09277270859782
3.3267888824144918,755.7594146728508,3.774915213006668,3.2052130033616626,4.344617422651673
2.1427666445573332,505.58798980713,2.4956483372219984,2.0955199738818524,2.8957767005621444
0.7481944796939675,234.58716201782082,0.9320044812641771,0.673350840419699,1.1906581221086552
0.9389444316426991,244.2504874865201,0.9126659381865018,0.6540122973420236,1.17131957903098
2.32772225141525,575.7364756266284,2.5069403819315648,1.9372381722865595,3.07664259157657
3.4709444244702667,818.9303538004575,3.93793544830226,3.369937963811435,4.505932932793085
4.2675333023071245,1001.9512939453108,4.868872514624922,4.3008750301340966,5.09277270859782
4.716777960459384,1117.4586690266917,5.361046617626343,4.791344407981338,5.09277270859782
4.850977937380492,1143.9705301920583,5.475218588360343,4.899791791311308,5.09277270859782
4.660161177317291,1085.2164916992083,5.229438884763242,4.64835680014117,5.09277270859782
4.148172120253233,951.3052113850899,4.648297724039706,4.0672156394176335,5.09277270859782
3.2826555172602334,752.9765879313167,3.7357611194880564,3.154679034865984,4.316843204110128
2.130599906047175,503.0147577921567,2.464071039223986,2.06394267588384,2.864199402564132
0.7475222299496399,236.550579071045,0.9323214309942902,0.673667790149812,1.1909750718387684
0.8690110792716333,251.90706046422315,0.9208645689536334,0.6622109281091553,1.1795182097981116
2.341161181529375,581.4321009318024,2.4923887407253082,1.911306656103236,3.0734708253473806
3.4955611030260836,825.6777445475259,3.8849765394169524,3.30389445479488,4.466058624039025
4.273338874181117,1010.1877034505109,4.789985903944072,4.208903819322,5.09277270859782
4.539255698521942,1126.9375305175834,5.280541939333144,4.705115142284109,5.09277270859782
4.831466794013975,1152.5164184570333,5.389670461887856,4.808588377265783,5.09277270859782
4.657244404157008,1092.23868815105,5.150847033345556,4.569764948723484,5.09277270859782
4.149450083573641,965.32572937012,4.615648972088236,4.0345668874661635,5.09277270859782
3.3276222546895333,765.8914693196616,3.721482287752528,3.1404002031304556,4.302564372374601
2.149888883034383,512.8889719645158,2.4688596566109884,2.0687312932708424,2.8689880199511344
0.7547444390753917,239.85262870788415,0.9314087094194489,0.6727550685749707,1.190062350263927
0.9581111098329141,256.53853813807194,0.9231835266477797,0.6645298858033015,1.1818371674922579
2.3210833569367835,568.08763885498,2.3884490237966296,1.9883206604564836,2.7885773871367756
3.4242721994717997,795.7710978190108,3.6911009575568503,3.110018872934778,4.272183042178923
4.18414719899495,979.9584299723233,4.591348018928888,4.010265934306815,5.09277270859782
4.613186240196233,1084.8370666503833,5.031607386844031,4.450525302221958,5.09277270859782
4.772702654202783,1109.3170267740918,5.137698498472722,4.55661641385065,5.09277270859782
4.688441514968875,1040.9244079589741,4.9053856881926,4.324303603570527,5.09277270859782
4.1730971336364835,909.1506907145184,4.3840641989014335,3.8086374018523985,4.9594909959504685
3.3019222219785003,713.92387898763,3.524154439470586,2.948727642421551,4.0995812365196205
2.0285277764002583,455.4308293660475,2.2363019606776757,1.8361735973375297,2.6364303240178217
0.69360001385212,201.44177945455,0.7977843514868584,0.5391307106423803,1.0564379923313365
0.9897249887386909,286.0583532651281,1.0661801005307168,0.8075264596862386,1.324833741375195
2.4032749533653166,600.719635009765,2.652035867238343,2.076609070189308,3.227462664287378
3.5760527054468665,839.9654286702466,4.116558159322614,3.541131362273579,4.691984956371649
4.401452859242759,1036.867930094405,5.126891856884095,4.55146505983506,5.09277270859782
4.868864218393967,1153.519927978525,5.5684162671599,4.987334182537827,5.09277270859782
4.977319439252216,1182.1040140787666,5.605932797272689,5.0247421156817715,5.09277270859782
4.768280545870475,1113.112416585275,5.460020166639901,4.876302786307951,5.09277270859782
4.218691666920975,975.8639577229866,4.850812240902561,4.2663551454307616,5.09277270859782
3.3565805157025665,767.6640268961575,3.8731375827794547,3.2875564325154127,4.458718733043497
2.165927797555917,513.41212463379,2.5562493212814754,2.1561209579413294,2.9563776846216214
0.7539555393159425,243.21626853942917,0.9735938739105829,0.7149402330661048,1.2322475147550611
0.9941917012135183,286.7765687306715,1.0688010088096218,0.8107779110947286,1.326824106524515
2.375577787558233,610.3526738484717,2.6421286549663585,2.0576715594945587,3.2265857504381583
3.4944639603297,846.4199015299483,4.055264472332548,3.4708073768607486,4.639721567804348
4.3126363158226,1041.7679341634166,5.028935684075453,4.444478588603653,5.09277270859782
4.764152924219759,1156.7248026529917,5.512001803473337,4.926420653209295,5.09277270859782
4.882852673530575,1186.10138956705,5.605932797272689,5.020250028869714,5.09277270859782
4.6861000061035165,1121.1411336262834,5.349736122613162,4.763116654836001,5.09277270859782
4.1718639135360585,983.7416585286492,4.760331182140647,4.171892037741067,5.09277270859782
3.346241752306625,779.8347117106091,3.8382741589208496,3.2498068903162607,4.426741427525439
2.0061500122149707,474.6693305969241,2.3274276394803253,1.9316885687667877,2.723166710193863
0.6011555393536866,170.643218040466,0.6783112534265703,0.4202881557116771,0.9363343511414635
0.1358722212413936,49.018654684225844,0.17436297759418143,0.0,3.948779821644265
0.5109194268782942,127.98136202494307,0.47334856535565223,0.21532546764075905,0.7313716630705454
1.5676833490530724,372.53654352824,1.6455103867904974,1.24977131607696,2.041249457504035
2.0591971576213832,465.97792816162087,2.325458322716734,1.9297192520031965,2.7211973934302716
3.1712554891904,745.10248819987,3.6916531677094233,3.1031858991048344,4.280120436314013
3.95284446080525,922.8126678466742,4.482045988937456,3.893578720332867,5.070513257542045
3.69262224435805,869.0546493530168,4.262050266800388,3.6736111224008074,4.85048941119997
3.9438833196957916,900.1580301920608,4.406384073285125,3.817944928885544,4.994823217684706
3.3267999291419916,771.4424057006833,3.824453427427294,3.236014283027713,4.412892571826875
2.504322191079458,596.1720148722325,2.9910433211966825,2.4026041767971016,3.5794824655962634
1.500550001859675,362.2284393310558,1.7964727433747278,1.4007336726611903,2.1922118140882656
0.7257888838648808,229.99894078572666,0.9006079851804764,0.6425848874655832,1.1586310828953694
0.6241333459814383,157.948508580525,0.5786155309924479,0.3205924332775547,0.8366386287073411
0.8650944232940642,213.0529861450208,0.9562794569506488,0.6982563592357556,1.214302554665542
2.498489012320842,583.1093215942392,2.8415625509260933,2.2531234065265124,3.4300016953256742
4.176066577434542,974.243108113605,4.619168138888708,4.030728994489127,5.09277270859782
4.616016606489825,1077.0388285318925,5.028784771348695,4.440345626949114,5.09277270859782
3.464627732833233,828.48576354981,4.023298229380453,3.434859084980872,4.611737373780034
2.688388854265208,621.7283960978192,3.1096388109366275,2.5211996665370466,3.6980779553362084
0.9216167032718551,184.81664276123084,0.9869831211035192,0.728960023388626,1.2450062188184123
0.5616666475931792,115.0406964619964,0.6150788538454321,0.35705575613053897,0.8731019515603253
0.5417110919952391,115.980309804282,0.5935905809992384,0.33556748328434527,0.8516136787141316
0.27102779597043997,67.84219614664717,0.27095437869275735,0.012931280977864168,0.5289774764076505
0.1310277820254359,43.07586419582362,0.15301868895866072,0.0,3.9274355330087443
0.4624222368001942,113.99941794077425,0.42188854850235885,0.16882947002695942,0.6749476269777583
0.9018888852248508,221.33982054392493,0.9958840558719747,0.7428249773965753,1.2489431343473743
0.9033388867974351,165.17950375874733,0.8693459119833491,0.6162868335079497,1.1224049904587485
3.117638876040775,661.408805847165,3.365577471078294,2.7771383266787133,3.954016615477875
2.6158388753732,553.1984176635733,2.8552232783389084,2.459484207625371,3.250962349052446
0.9227832754453041,177.58399264017666,0.9783840253263602,0.7253249468509607,1.2314431038017597
0.8430666476488126,138.41051737467308,0.7776462894141837,0.5245872109387842,1.030705367889583
0.7129000003139175,120.79107411702508,0.6808809022401816,0.42782182376478217,0.933939980715581
0.429233327507975,70.73586654663049,0.3977287561122375,0.14466967763683808,0.650787834587637
